<?xml version="1.0" encoding="UTF-8"?>

<!DOCTYPE mapper
    PUBLIC "-//mybatis.org//DTD Mapper 3.0//EN"
    "https://mybatis.org/dtd/mybatis-3-mapper.dtd">

<mapper namespace="com.shoppingmall.mapper.BoardMapper">

<sql id="criteria">
	<trim prefix="(" suffix=") AND " prefixOverrides="OR">
			<foreach item='type' collection="typeArr">
				<trim prefix="OR">
					<choose>
						<when test="type == 'T'.toString()">
							title like '%' ||#{keyword} ||'%'
						</when>
						<when test="type == 'C'.toString()">
							content like '%' ||#{keyword} ||'%'
						</when>
						<when test="type == 'W'.toString()">
							writer like '%' ||#{keyword} ||'%'
						</when>
					</choose>
				</trim>
			</foreach>
	</trim>		
</sql>



<!-- id: 메서드명/ resultType : 반환되는 객체명-->
<select id="getList" resultType="com.shoppingmall.domain.BoardVO">
<![CDATA[
SELECT * FROM board where bno > 0
]]> <!-- ![CDATA]는 특수문자를 문자로 인식 시키는 방법 -->
</select>

<select id="getListWithPaging" resultType="com.shoppingmall.domain.BoardVO">
<![CDATA[
	select bno, title, content, writer, regdate, updatedate from
	(select /*+INDEX_DESC (board pk_board) */
		rownum rn, bno, title, content, writer, regdate, updatedate
		from board where ]]>
		<trim prefix="(" suffix=") AND " prefixOverrides="OR">
			<foreach item='type' collection="typeArr">
				<trim prefix="OR">
					<choose>
						<when test="type == 'T'.toString()">
							title like '%' ||#{keyword} ||'%'
						</when>
						<when test="type == 'C'.toString()">
							content like '%' ||#{keyword} ||'%'
						</when>
						<when test="type == 'W'.toString()">
							writer like '%' ||#{keyword} ||'%'
						</when>
					</choose>
				</trim>
			</foreach>
		</trim>		
		<![CDATA[
		 rownum <= #{pageNum} * #{amount} 
		 ) 
		where rn > (#{pageNum}-1) * #{amount}	
		]]> 
</select>

<select id="getTotalCount" resultType="int">
	select count(*) from board where 
<include refid="criteria"></include>	
	bno > 0
</select>

<insert id="insert">
INSERT INTO board(bno, title, content, writer)
VALUES (bno_seq.nextval, #{title}, #{content}, #{writer})
</insert> <!-- 삽입 메서드 활용 bno 활용 안함 -->
<insert id="insertSelectKey">
	<selectKey keyProperty="bno" order="BEFORE" resultType="long">
	SELECT bno_seq.nextval FROM dual
	</selectKey> <!-- 보드번호 자동으로 생성 -> bno -->
	INSERT INTO board (bno, title, content, writer)
	VALUES (#{bno}, #{title}, #{content}, #{writer})
</insert>	<!-- 번호를 먼저 생성하고 insert를 진행. -->

<select id="read" resultType="com.shoppingmall.domain.BoardVO">
SELECT * FROM board WHERE bno = #{bno}
</select> <!-- 단일 레코드 조회 : bno를 받아서 vo객체 생성 -->

<delete id="delete">
DELETE FROM board WHERE bno = #{bno}
</delete> <!-- bno를 이용하여 레코드를 삭제 -->

<update id="update">
UPDATE board SET title = #{title}, content = #{content}, writer = #{writer}, updateDate = sysdate
WHERE bno = #{bno}
</update>	<!-- bno로 검색된 레코드값을 제목, 내용, 작성자, 수정일이 변경 된다. -->



</mapper>