<?xml version="1.0" encoding="UTF-8"?>
<!DOCTYPE mapper
	PUBLIC "-//mybatis.org//DTD Mapper 3.0//EN" 
	"http://mybatis.org/dtd/mybatis-3-mapper.dtd">
	
<mapper namespace="com.shoppingmall.mapper.MemberMapper">


	<resultMap type="com.shoppingmall.domain.MemberVO" id="memberMap">
		<id property="member_id" column="member_id"/>
		
		<result property="member_id" column="member_id"/>
		<result property="member_name" column="member_name"/>
		<result property="member_pw" column="member_pw"/>
		<result property="member_gen" column="member_gen"/>
		<result property="member_tel" column="member_tel"/>
		<result property="member_addr" column="member_addr"/>
		<result property="member_email" column="member_email"/>
		
		<collection property="authList" resultMap="authMap"></collection>
	</resultMap>

	<resultMap type="com.shoppingmall.domain.AuthVO" id="authMap">
		<result property="member_id" column="member_id"/>
		<result property="auth" column="auth"/>
	</resultMap>



<select id="read" resultMap="memberMap">
select mem.member_id, member_pw, member_name, 
member_gen, member_tel, member_email, member_addr, auth 

from member mem left outer join 

member_auth auth on mem.member_id = auth.member_id 

where mem.member_id = #{member_id}
</select>

<select id="getList" resultType="com.shoppingmall.domain.MemberVO">
<![CDATA[
select * from member
]]>
</select>

<insert id="insert">
insert into member(member_id, member_pw, member_name, member_gen, member_tel, member_email, member_addr)
values (#{member_id}, #{member_pw}, #{member_name}, #{member_gen}, #{member_tel}, #{member_email}, #{member_addr})
</insert>

<update id="update">
update member set member_name =  #{member_name}, member_gen = #{member_gen}, member_tel = #{member_tel}, member_email = #{member_email}, member_addr = #{member_addr}  where member_id = #{member_id}
</update>


</mapper>